<metadata xml:lang="en"><Esri><CreaDate>20210224</CreaDate><CreaTime>16130100</CreaTime><ArcGISFormat>1.0</ArcGISFormat><SyncOnce>FALSE</SyncOnce><DataProperties><lineage><Process ToolSource="c:\program files\arcgis\pro\Resources\ArcToolbox\toolboxes\Conversion Tools.tbx\FeatureClassToFeatureClass" Date="20210224" Time="161301">FeatureClassToFeatureClass CountyBoundries "W:\FEMA_TA\RAPT Census Tract Level 2021\APRX\RAPT_2021\RAPT_2021.gdb" CountyData_20210224 # "STATEFP "STATEFP" true true false 2 Text 0 0,First,#,CountyBoundries,CountyBoundries.STATEFP,0,2;COUNTYFP "COUNTYFP" true true false 3 Text 0 0,First,#,CountyBoundries,CountyBoundries.COUNTYFP,0,3;COUNTYNS "COUNTYNS" true true false 8 Text 0 0,First,#,CountyBoundries,CountyBoundries.COUNTYNS,0,8;AFFGEOID "AFFGEOID" true true false 14 Text 0 0,First,#,CountyBoundries,CountyBoundries.AFFGEOID,0,14;GEOID "GEOID" true true false 5 Text 0 0,First,#,CountyBoundries,CountyBoundries.GEOID,0,5;NAME "NAME" true true false 100 Text 0 0,First,#,CountyBoundries,CountyBoundries.NAME,0,100;LSAD "LSAD" true true false 2 Text 0 0,First,#,CountyBoundries,CountyBoundries.LSAD,0,2;ALAND "ALAND" true true false 19 Double 0 0,First,#,CountyBoundries,CountyBoundries.ALAND,-1,-1;AWATER "AWATER" true true false 19 Double 0 0,First,#,CountyBoundries,CountyBoundries.AWATER,-1,-1;GEOID_1 "GEOID_1" true true false 254 Text 0 0,First,#,CountyBoundries,CountyBoundries.GEOID_1,0,254;GEO_ID "GEO_ID" true true false 8000 Text 0 0,First,#,CountyBoundries,bin_results_2019_20210224_counties.csv.GEO_ID,0,8000;Age "Age" true true false 8 Double 0 0,First,#,CountyBoundries,bin_results_2019_20210224_counties.csv.Age,-1,-1;Age_Bins "Age Bins" true true false 4 Long 0 0,First,#,CountyBoundries,bin_results_2019_20210224_counties.csv.Age Bins,-1,-1;Disability "Disability" true true false 8 Double 0 0,First,#,CountyBoundries,bin_results_2019_20210224_counties.csv.Disability,-1,-1;Disability_Bins "Disability Bins" true true false 4 Long 0 0,First,#,CountyBoundries,bin_results_2019_20210224_counties.csv.Disability Bins,-1,-1;Education "Education" true true false 8 Double 0 0,First,#,CountyBoundries,bin_results_2019_20210224_counties.csv.Education,-1,-1;Education_Bins "Education Bins" true true false 4 Long 0 0,First,#,CountyBoundries,bin_results_2019_20210224_counties.csv.Education Bins,-1,-1;Unemployment "Unemployment" true true false 8 Double 0 0,First,#,CountyBoundries,bin_results_2019_20210224_counties.csv.Unemployment,-1,-1;Unemployment_Bins "Unemployment Bins" true true false 4 Long 0 0,First,#,CountyBoundries,bin_results_2019_20210224_counties.csv.Unemployment Bins,-1,-1;GINI "GINI" true true false 8 Double 0 0,First,#,CountyBoundries,bin_results_2019_20210224_counties.csv.GINI,-1,-1;GINI_Bins "GINI Bins" true true false 4 Long 0 0,First,#,CountyBoundries,bin_results_2019_20210224_counties.csv.GINI Bins,-1,-1;Uninsured_Population "Uninsured Population" true true false 8 Double 0 0,First,#,CountyBoundries,bin_results_2019_20210224_counties.csv.Uninsured Population,-1,-1;Uninsured_Population_Bins "Uninsured Population Bins" true true false 4 Long 0 0,First,#,CountyBoundries,bin_results_2019_20210224_counties.csv.Uninsured Population Bins,-1,-1;Limited_English "Limited English" true true false 8 Double 0 0,First,#,CountyBoundries,bin_results_2019_20210224_counties.csv.Limited English,-1,-1;Limited_English_Bins "Limited English Bins" true true false 4 Long 0 0,First,#,CountyBoundries,bin_results_2019_20210224_counties.csv.Limited English Bins,-1,-1;Median_Income "Median Income" true true false 4 Long 0 0,First,#,CountyBoundries,bin_results_2019_20210224_counties.csv.Median Income,-1,-1;Median_Income_Bins "Median Income Bins" true true false 4 Long 0 0,First,#,CountyBoundries,bin_results_2019_20210224_counties.csv.Median Income Bins,-1,-1;Mobile_Homes "Mobile Homes" true true false 8 Double 0 0,First,#,CountyBoundries,bin_results_2019_20210224_counties.csv.Mobile Homes,-1,-1;Mobile_Homes_Bins "Mobile Homes Bins" true true false 4 Long 0 0,First,#,CountyBoundries,bin_results_2019_20210224_counties.csv.Mobile Homes Bins,-1,-1;Owner_Occupied "Owner Occupied" true true false 8 Double 0 0,First,#,CountyBoundries,bin_results_2019_20210224_counties.csv.Owner Occupied,-1,-1;Owner_Occupied_Bins "Owner Occupied Bins" true true false 4 Long 0 0,First,#,CountyBoundries,bin_results_2019_20210224_counties.csv.Owner Occupied Bins,-1,-1;Single_Parent "Single Parent" true true false 8 Double 0 0,First,#,CountyBoundries,bin_results_2019_20210224_counties.csv.Single Parent,-1,-1;Single_Parent_Bins "Single Parent Bins" true true false 4 Long 0 0,First,#,CountyBoundries,bin_results_2019_20210224_counties.csv.Single Parent Bins,-1,-1;Vacant_Rentals "Vacant Rentals" true true false 8 Double 0 0,First,#,CountyBoundries,bin_results_2019_20210224_counties.csv.Vacant Rentals,-1,-1;Vacant_Rentals_Bins "Vacant Rentals Bins" true true false 4 Long 0 0,First,#,CountyBoundries,bin_results_2019_20210224_counties.csv.Vacant Rentals Bins,-1,-1;No_Vehicle "No Vehicle" true true false 8 Double 0 0,First,#,CountyBoundries,bin_results_2019_20210224_counties.csv.No Vehicle,-1,-1;No_Vehicle_Bins "No Vehicle Bins" true true false 4 Long 0 0,First,#,CountyBoundries,bin_results_2019_20210224_counties.csv.No Vehicle Bins,-1,-1;Civil_Org "Civil Org" true true false 8 Double 0 0,First,#,CountyBoundries,bin_results_2019_20210224_counties.csv.Civil Org,-1,-1;Civil_Org_Bins "Civil Org Bins" true true false 4 Long 0 0,First,#,CountyBoundries,bin_results_2019_20210224_counties.csv.Civil Org Bins,-1,-1;Hospitals "Hospitals" true true false 8 Double 0 0,First,#,CountyBoundries,bin_results_2019_20210224_counties.csv.Hospitals,-1,-1;Hospitals_Bins "Hospitals Bins" true true false 4 Long 0 0,First,#,CountyBoundries,bin_results_2019_20210224_counties.csv.Hospitals Bins,-1,-1;Medical "Medical" true true false 8 Double 0 0,First,#,CountyBoundries,bin_results_2019_20210224_counties.csv.Medical,-1,-1;Medical_Bins "Medical Bins" true true false 4 Long 0 0,First,#,CountyBoundries,bin_results_2019_20210224_counties.csv.Medical Bins,-1,-1;Religion "Religion" true true false 8 Double 0 0,First,#,CountyBoundries,bin_results_2019_20210224_counties.csv.Religion,-1,-1;Religion_Bins "Religion Bins" true true false 4 Long 0 0,First,#,CountyBoundries,bin_results_2019_20210224_counties.csv.Religion Bins,-1,-1;Schools "Schools" true true false 8 Double 0 0,First,#,CountyBoundries,bin_results_2019_20210224_counties.csv.Schools,-1,-1;Schools_Bins "Schools Bins" true true false 4 Long 0 0,First,#,CountyBoundries,bin_results_2019_20210224_counties.csv.Schools Bins,-1,-1;Population_Change "Population Change" true true false 8 Double 0 0,First,#,CountyBoundries,bin_results_2019_20210224_counties.csv.Population Change,-1,-1;Population_Change_Bins "Population Change Bins" true true false 4 Long 0 0,First,#,CountyBoundries,bin_results_2019_20210224_counties.csv.Population Change Bins,-1,-1;Hotel "Hotel" true true false 8 Double 0 0,First,#,CountyBoundries,bin_results_2019_20210224_counties.csv.Hotel,-1,-1;Hotel_Bins "Hotel Bins" true true false 4 Long 0 0,First,#,CountyBoundries,bin_results_2019_20210224_counties.csv.Hotel Bins,-1,-1" #</Process><Process ToolSource="c:\program files\arcgis\pro\Resources\ArcToolbox\toolboxes\Data Management Tools.tbx\UpdateSchema" Date="20210224" Time="174753">UpdateSchema "CIMDATA=&lt;CIMStandardDataConnection xsi:type='typens:CIMStandardDataConnection' xmlns:xsi='http://www.w3.org/2001/XMLSchema-instance' xmlns:xs='http://www.w3.org/2001/XMLSchema' xmlns:typens='http://www.esri.com/schemas/ArcGIS/2.7.0'&gt;&lt;WorkspaceConnectionString&gt;DATABASE=W:\FEMA_TA\RAPT Census Tract Level 2021\APRX\RAPT_2021\RAPT_2021.gdb&lt;/WorkspaceConnectionString&gt;&lt;WorkspaceFactory&gt;FileGDB&lt;/WorkspaceFactory&gt;&lt;Dataset&gt;CountyData_20210224&lt;/Dataset&gt;&lt;DatasetType&gt;esriDTFeatureClass&lt;/DatasetType&gt;&lt;/CIMStandardDataConnection&gt;" &lt;operationSequence&gt;&lt;workflow&gt;&lt;AddField&gt;&lt;field_name&gt;Aggregate&lt;/field_name&gt;&lt;field_type&gt;DOUBLE&lt;/field_type&gt;&lt;field_alias&gt;Aggregate&lt;/field_alias&gt;&lt;field_is_nullable&gt;True&lt;/field_is_nullable&gt;&lt;field_is_required&gt;False&lt;/field_is_required&gt;&lt;/AddField&gt;&lt;/workflow&gt;&lt;workflow&gt;&lt;AddField&gt;&lt;field_name&gt;Aggregate_Bins&lt;/field_name&gt;&lt;field_type&gt;LONG&lt;/field_type&gt;&lt;field_alias&gt;Aggregate_Bins&lt;/field_alias&gt;&lt;field_is_nullable&gt;True&lt;/field_is_nullable&gt;&lt;field_is_required&gt;False&lt;/field_is_required&gt;&lt;/AddField&gt;&lt;/workflow&gt;&lt;/operationSequence&gt;</Process><Process ToolSource="c:\program files\arcgis\pro\Resources\ArcToolbox\Toolboxes\Data Management Tools.tbx\UpdateSchema" Date="20210226" Time="110302">UpdateSchema "CIMDATA=&lt;CIMStandardDataConnection xsi:type='typens:CIMStandardDataConnection' xmlns:xsi='http://www.w3.org/2001/XMLSchema-instance' xmlns:xs='http://www.w3.org/2001/XMLSchema' xmlns:typens='http://www.esri.com/schemas/ArcGIS/2.7.0'&gt;&lt;WorkspaceConnectionString&gt;DATABASE=W:\FEMA_TA\RAPT Census Tract Level 2021\APRX\RAPT_2021\RAPT_2021.gdb&lt;/WorkspaceConnectionString&gt;&lt;WorkspaceFactory&gt;FileGDB&lt;/WorkspaceFactory&gt;&lt;Dataset&gt;CountyData_20210224&lt;/Dataset&gt;&lt;DatasetType&gt;esriDTFeatureClass&lt;/DatasetType&gt;&lt;/CIMStandardDataConnection&gt;" &lt;operationSequence&gt;&lt;workflow&gt;&lt;AddField&gt;&lt;field_name&gt;Field&lt;/field_name&gt;&lt;field_type&gt;LONG&lt;/field_type&gt;&lt;field_alias&gt;Field&lt;/field_alias&gt;&lt;field_is_nullable&gt;True&lt;/field_is_nullable&gt;&lt;field_is_required&gt;False&lt;/field_is_required&gt;&lt;/AddField&gt;&lt;/workflow&gt;&lt;/operationSequence&gt;</Process><Process ToolSource="c:\program files\arcgis\pro\Resources\ArcToolbox\Toolboxes\Data Management Tools.tbx\UpdateSchema" Date="20210226" Time="110316">UpdateSchema "CIMDATA=&lt;CIMStandardDataConnection xsi:type='typens:CIMStandardDataConnection' xmlns:xsi='http://www.w3.org/2001/XMLSchema-instance' xmlns:xs='http://www.w3.org/2001/XMLSchema' xmlns:typens='http://www.esri.com/schemas/ArcGIS/2.7.0'&gt;&lt;WorkspaceConnectionString&gt;DATABASE=W:\FEMA_TA\RAPT Census Tract Level 2021\APRX\RAPT_2021\RAPT_2021.gdb&lt;/WorkspaceConnectionString&gt;&lt;WorkspaceFactory&gt;FileGDB&lt;/WorkspaceFactory&gt;&lt;Dataset&gt;CountyData_20210224&lt;/Dataset&gt;&lt;DatasetType&gt;esriDTFeatureClass&lt;/DatasetType&gt;&lt;/CIMStandardDataConnection&gt;" &lt;operationSequence&gt;&lt;workflow&gt;&lt;DeleteField&gt;&lt;field_name&gt;Field&lt;/field_name&gt;&lt;/DeleteField&gt;&lt;/workflow&gt;&lt;/operationSequence&gt;</Process><Process ToolSource="c:\program files\arcgis\pro\Resources\ArcToolbox\Toolboxes\Data Management Tools.tbx\UpdateSchema" Date="20210226" Time="165324">UpdateSchema "CIMDATA=&lt;CIMStandardDataConnection xsi:type='typens:CIMStandardDataConnection' xmlns:xsi='http://www.w3.org/2001/XMLSchema-instance' xmlns:xs='http://www.w3.org/2001/XMLSchema' xmlns:typens='http://www.esri.com/schemas/ArcGIS/2.7.0'&gt;&lt;WorkspaceConnectionString&gt;DATABASE=W:\FEMA_TA\RAPT Census Tract Level 2021\APRX\RAPT_2021\RAPT_2021.gdb&lt;/WorkspaceConnectionString&gt;&lt;WorkspaceFactory&gt;FileGDB&lt;/WorkspaceFactory&gt;&lt;Dataset&gt;CountyData_20210224&lt;/Dataset&gt;&lt;DatasetType&gt;esriDTFeatureClass&lt;/DatasetType&gt;&lt;/CIMStandardDataConnection&gt;" "&lt;operationSequence&gt;&lt;workflow&gt;&lt;AddField&gt;&lt;field_name&gt;Total_Population&lt;/field_name&gt;&lt;field_type&gt;LONG&lt;/field_type&gt;&lt;field_alias&gt;Total Population&lt;/field_alias&gt;&lt;field_is_nullable&gt;True&lt;/field_is_nullable&gt;&lt;field_is_required&gt;False&lt;/field_is_required&gt;&lt;/AddField&gt;&lt;/workflow&gt;&lt;/operationSequence&gt;"</Process><Process ToolSource="c:\program files\arcgis\pro\Resources\ArcToolbox\Toolboxes\Data Management Tools.tbx\UpdateSchema" Date="20210227" Time="103131">UpdateSchema "CIMDATA=&lt;CIMStandardDataConnection xsi:type='typens:CIMStandardDataConnection' xmlns:xsi='http://www.w3.org/2001/XMLSchema-instance' xmlns:xs='http://www.w3.org/2001/XMLSchema' xmlns:typens='http://www.esri.com/schemas/ArcGIS/2.7.0'&gt;&lt;WorkspaceConnectionString&gt;DATABASE=W:\FEMA_TA\RAPT Census Tract Level 2021\APRX\RAPT_2021\RAPT_2021.gdb&lt;/WorkspaceConnectionString&gt;&lt;WorkspaceFactory&gt;FileGDB&lt;/WorkspaceFactory&gt;&lt;Dataset&gt;CountyData_20210224&lt;/Dataset&gt;&lt;DatasetType&gt;esriDTFeatureClass&lt;/DatasetType&gt;&lt;/CIMStandardDataConnection&gt;" "&lt;operationSequence&gt;&lt;workflow&gt;&lt;AddField&gt;&lt;field_name&gt;StateName&lt;/field_name&gt;&lt;field_type&gt;TEXT&lt;/field_type&gt;&lt;field_length&gt;25&lt;/field_length&gt;&lt;field_alias&gt;State Name`&lt;/field_alias&gt;&lt;field_is_nullable&gt;True&lt;/field_is_nullable&gt;&lt;field_is_required&gt;False&lt;/field_is_required&gt;&lt;/AddField&gt;&lt;/workflow&gt;&lt;workflow&gt;&lt;AddField&gt;&lt;field_name&gt;FEMA_Region&lt;/field_name&gt;&lt;field_type&gt;TEXT&lt;/field_type&gt;&lt;field_length&gt;10&lt;/field_length&gt;&lt;field_alias&gt;FEMA Region&lt;/field_alias&gt;&lt;field_is_nullable&gt;True&lt;/field_is_nullable&gt;&lt;field_is_required&gt;False&lt;/field_is_required&gt;&lt;/AddField&gt;&lt;/workflow&gt;&lt;/operationSequence&gt;"</Process><Process ToolSource="c:\program files\arcgis\pro\Resources\ArcToolbox\toolboxes\Data Management Tools.tbx\CalculateField" Date="20210227" Time="104913">CalculateField "Counties - All Data" StateName "Test" "Python 3" # Text</Process><Process ToolSource="c:\program files\arcgis\pro\Resources\ArcToolbox\toolboxes\Data Management Tools.tbx\UpdateSchema" Date="20210227" Time="111335">UpdateSchema "CIMDATA=&lt;CIMStandardDataConnection xsi:type='typens:CIMStandardDataConnection' xmlns:xsi='http://www.w3.org/2001/XMLSchema-instance' xmlns:xs='http://www.w3.org/2001/XMLSchema' xmlns:typens='http://www.esri.com/schemas/ArcGIS/2.7.0'&gt;&lt;WorkspaceConnectionString&gt;DATABASE=W:\FEMA_TA\RAPT Census Tract Level 2021\APRX\RAPT_2021\RAPT_2021.gdb&lt;/WorkspaceConnectionString&gt;&lt;WorkspaceFactory&gt;FileGDB&lt;/WorkspaceFactory&gt;&lt;Dataset&gt;CountyData_20210224&lt;/Dataset&gt;&lt;DatasetType&gt;esriDTFeatureClass&lt;/DatasetType&gt;&lt;/CIMStandardDataConnection&gt;" &lt;operationSequence&gt;&lt;workflow&gt;&lt;AddField&gt;&lt;field_name&gt;temp&lt;/field_name&gt;&lt;field_type&gt;LONG&lt;/field_type&gt;&lt;field_alias&gt;temp&lt;/field_alias&gt;&lt;field_is_nullable&gt;True&lt;/field_is_nullable&gt;&lt;field_is_required&gt;False&lt;/field_is_required&gt;&lt;/AddField&gt;&lt;/workflow&gt;&lt;/operationSequence&gt;</Process><Process ToolSource="c:\program files\arcgis\pro\Resources\ArcToolbox\toolboxes\Data Management Tools.tbx\UpdateSchema" Date="20210227" Time="111349">UpdateSchema "CIMDATA=&lt;CIMStandardDataConnection xsi:type='typens:CIMStandardDataConnection' xmlns:xsi='http://www.w3.org/2001/XMLSchema-instance' xmlns:xs='http://www.w3.org/2001/XMLSchema' xmlns:typens='http://www.esri.com/schemas/ArcGIS/2.7.0'&gt;&lt;WorkspaceConnectionString&gt;DATABASE=W:\FEMA_TA\RAPT Census Tract Level 2021\APRX\RAPT_2021\RAPT_2021.gdb&lt;/WorkspaceConnectionString&gt;&lt;WorkspaceFactory&gt;FileGDB&lt;/WorkspaceFactory&gt;&lt;Dataset&gt;CountyData_20210224&lt;/Dataset&gt;&lt;DatasetType&gt;esriDTFeatureClass&lt;/DatasetType&gt;&lt;/CIMStandardDataConnection&gt;" &lt;operationSequence&gt;&lt;workflow&gt;&lt;DeleteField&gt;&lt;field_name&gt;temp&lt;/field_name&gt;&lt;/DeleteField&gt;&lt;/workflow&gt;&lt;/operationSequence&gt;</Process><Process ToolSource="c:\program files\arcgis\pro\Resources\ArcToolbox\toolboxes\Data Management Tools.tbx\UpdateSchema" Date="20210227" Time="111410">UpdateSchema "CIMDATA=&lt;CIMStandardDataConnection xsi:type='typens:CIMStandardDataConnection' xmlns:xsi='http://www.w3.org/2001/XMLSchema-instance' xmlns:xs='http://www.w3.org/2001/XMLSchema' xmlns:typens='http://www.esri.com/schemas/ArcGIS/2.7.0'&gt;&lt;WorkspaceConnectionString&gt;DATABASE=W:\FEMA_TA\RAPT Census Tract Level 2021\APRX\RAPT_2021\RAPT_2021.gdb&lt;/WorkspaceConnectionString&gt;&lt;WorkspaceFactory&gt;FileGDB&lt;/WorkspaceFactory&gt;&lt;Dataset&gt;CountyData_20210224&lt;/Dataset&gt;&lt;DatasetType&gt;esriDTFeatureClass&lt;/DatasetType&gt;&lt;/CIMStandardDataConnection&gt;" &lt;operationSequence&gt;&lt;workflow&gt;&lt;AddField&gt;&lt;field_name&gt;TempSAtate&lt;/field_name&gt;&lt;field_type&gt;TEXT&lt;/field_type&gt;&lt;field_length&gt;50&lt;/field_length&gt;&lt;field_alias&gt;TempState&lt;/field_alias&gt;&lt;field_is_nullable&gt;True&lt;/field_is_nullable&gt;&lt;field_is_required&gt;False&lt;/field_is_required&gt;&lt;/AddField&gt;&lt;/workflow&gt;&lt;/operationSequence&gt;</Process><Process ToolSource="c:\program files\arcgis\pro\Resources\ArcToolbox\toolboxes\Data Management Tools.tbx\UpdateSchema" Date="20210227" Time="111547">UpdateSchema "CIMDATA=&lt;CIMStandardDataConnection xsi:type='typens:CIMStandardDataConnection' xmlns:xsi='http://www.w3.org/2001/XMLSchema-instance' xmlns:xs='http://www.w3.org/2001/XMLSchema' xmlns:typens='http://www.esri.com/schemas/ArcGIS/2.7.0'&gt;&lt;WorkspaceConnectionString&gt;DATABASE=W:\FEMA_TA\RAPT Census Tract Level 2021\APRX\RAPT_2021\RAPT_2021.gdb&lt;/WorkspaceConnectionString&gt;&lt;WorkspaceFactory&gt;FileGDB&lt;/WorkspaceFactory&gt;&lt;Dataset&gt;CountyData_20210224&lt;/Dataset&gt;&lt;DatasetType&gt;esriDTFeatureClass&lt;/DatasetType&gt;&lt;/CIMStandardDataConnection&gt;" "&lt;operationSequence&gt;&lt;workflow&gt;&lt;AddField&gt;&lt;field_name&gt;TEmpReg&lt;/field_name&gt;&lt;field_type&gt;TEXT&lt;/field_type&gt;&lt;field_length&gt;15&lt;/field_length&gt;&lt;field_alias&gt;Temp Region&lt;/field_alias&gt;&lt;field_is_nullable&gt;True&lt;/field_is_nullable&gt;&lt;field_is_required&gt;False&lt;/field_is_required&gt;&lt;/AddField&gt;&lt;/workflow&gt;&lt;/operationSequence&gt;"</Process><Process ToolSource="c:\program files\arcgis\pro\Resources\ArcToolbox\toolboxes\Data Management Tools.tbx\UpdateSchema" Date="20210227" Time="111735">UpdateSchema "CIMDATA=&lt;CIMStandardDataConnection xsi:type='typens:CIMStandardDataConnection' xmlns:xsi='http://www.w3.org/2001/XMLSchema-instance' xmlns:xs='http://www.w3.org/2001/XMLSchema' xmlns:typens='http://www.esri.com/schemas/ArcGIS/2.7.0'&gt;&lt;WorkspaceConnectionString&gt;DATABASE=W:\FEMA_TA\RAPT Census Tract Level 2021\APRX\RAPT_2021\RAPT_2021.gdb&lt;/WorkspaceConnectionString&gt;&lt;WorkspaceFactory&gt;FileGDB&lt;/WorkspaceFactory&gt;&lt;Dataset&gt;CountyData_20210224&lt;/Dataset&gt;&lt;DatasetType&gt;esriDTFeatureClass&lt;/DatasetType&gt;&lt;/CIMStandardDataConnection&gt;" "&lt;operationSequence&gt;&lt;workflow&gt;&lt;DeleteField&gt;&lt;field_name&gt;StateName&lt;/field_name&gt;&lt;field_name&gt;FEMA_Region&lt;/field_name&gt;&lt;/DeleteField&gt;&lt;/workflow&gt;&lt;workflow&gt;&lt;AddField&gt;&lt;field_name&gt;StateName&lt;/field_name&gt;&lt;field_type&gt;TEXT&lt;/field_type&gt;&lt;field_length&gt;50&lt;/field_length&gt;&lt;field_alias&gt;State Name&lt;/field_alias&gt;&lt;field_is_nullable&gt;True&lt;/field_is_nullable&gt;&lt;field_is_required&gt;False&lt;/field_is_required&gt;&lt;/AddField&gt;&lt;/workflow&gt;&lt;workflow&gt;&lt;AddField&gt;&lt;field_name&gt;FEMA_Region&lt;/field_name&gt;&lt;field_type&gt;TEXT&lt;/field_type&gt;&lt;field_length&gt;15&lt;/field_length&gt;&lt;field_alias&gt;FEMA Region&lt;/field_alias&gt;&lt;field_is_nullable&gt;True&lt;/field_is_nullable&gt;&lt;field_is_required&gt;False&lt;/field_is_required&gt;&lt;/AddField&gt;&lt;/workflow&gt;&lt;/operationSequence&gt;"</Process><Process ToolSource="c:\program files\arcgis\pro\Resources\ArcToolbox\toolboxes\Data Management Tools.tbx\DeleteField" Date="20210227" Time="111801">DeleteField "Counties - All Data" StateName</Process><Process ToolSource="c:\program files\arcgis\pro\Resources\ArcToolbox\toolboxes\Data Management Tools.tbx\UpdateSchema" Date="20210227" Time="111840">UpdateSchema "CIMDATA=&lt;CIMStandardDataConnection xsi:type='typens:CIMStandardDataConnection' xmlns:xsi='http://www.w3.org/2001/XMLSchema-instance' xmlns:xs='http://www.w3.org/2001/XMLSchema' xmlns:typens='http://www.esri.com/schemas/ArcGIS/2.7.0'&gt;&lt;WorkspaceConnectionString&gt;DATABASE=W:\FEMA_TA\RAPT Census Tract Level 2021\APRX\RAPT_2021\RAPT_2021.gdb&lt;/WorkspaceConnectionString&gt;&lt;WorkspaceFactory&gt;FileGDB&lt;/WorkspaceFactory&gt;&lt;Dataset&gt;CountyData_20210224&lt;/Dataset&gt;&lt;DatasetType&gt;esriDTFeatureClass&lt;/DatasetType&gt;&lt;/CIMStandardDataConnection&gt;" "&lt;operationSequence&gt;&lt;workflow&gt;&lt;AddField&gt;&lt;field_name&gt;StateName&lt;/field_name&gt;&lt;field_type&gt;TEXT&lt;/field_type&gt;&lt;field_length&gt;50&lt;/field_length&gt;&lt;field_alias&gt;State Name&lt;/field_alias&gt;&lt;field_is_nullable&gt;True&lt;/field_is_nullable&gt;&lt;field_is_required&gt;False&lt;/field_is_required&gt;&lt;/AddField&gt;&lt;/workflow&gt;&lt;/operationSequence&gt;"</Process><Process ToolSource="c:\program files\arcgis\pro\Resources\ArcToolbox\toolboxes\Data Management Tools.tbx\CalculateField" Date="20210227" Time="111857">CalculateField "Counties - All Data" FEMA_Region !TEmpReg! "Python 3" # Text</Process><Process ToolSource="c:\program files\arcgis\pro\Resources\ArcToolbox\toolboxes\Data Management Tools.tbx\CalculateField" Date="20210227" Time="111914">CalculateField "Counties - All Data" StateName !TempSAtate! "Python 3" # Text</Process><Process ToolSource="c:\program files\arcgis\pro\Resources\ArcToolbox\toolboxes\Data Management Tools.tbx\DeleteField" Date="20210227" Time="111928">DeleteField "Counties - All Data" TempSAtate</Process><Process ToolSource="c:\program files\arcgis\pro\Resources\ArcToolbox\toolboxes\Data Management Tools.tbx\UpdateSchema" Date="20210227" Time="111948">UpdateSchema "CIMDATA=&lt;CIMStandardDataConnection xsi:type='typens:CIMStandardDataConnection' xmlns:xsi='http://www.w3.org/2001/XMLSchema-instance' xmlns:xs='http://www.w3.org/2001/XMLSchema' xmlns:typens='http://www.esri.com/schemas/ArcGIS/2.7.0'&gt;&lt;WorkspaceConnectionString&gt;DATABASE=W:\FEMA_TA\RAPT Census Tract Level 2021\APRX\RAPT_2021\RAPT_2021.gdb&lt;/WorkspaceConnectionString&gt;&lt;WorkspaceFactory&gt;FileGDB&lt;/WorkspaceFactory&gt;&lt;Dataset&gt;CountyData_20210224&lt;/Dataset&gt;&lt;DatasetType&gt;esriDTFeatureClass&lt;/DatasetType&gt;&lt;/CIMStandardDataConnection&gt;" &lt;operationSequence&gt;&lt;workflow&gt;&lt;DeleteField&gt;&lt;field_name&gt;TEmpReg&lt;/field_name&gt;&lt;/DeleteField&gt;&lt;/workflow&gt;&lt;/operationSequence&gt;</Process><Process ToolSource="c:\program files\arcgis\pro\Resources\ArcToolbox\toolboxes\Data Management Tools.tbx\CalculateField" Date="20210317" Time="165923">CalculateField "Counties - All Data" GINI !GINI!/100 "Python 3" # Text</Process><Process ToolSource="c:\program files\arcgis\pro\Resources\ArcToolbox\toolboxes\Conversion Tools.tbx\FeatureClassToFeatureClass" Date="20210406" Time="095128">FeatureClassToFeatureClass "Counties - All Data" "W:\FEMA_TA\RAPT Census Tract Level 2021\Final Data for Packaging on Website\County Indicators" CountyIndicatorsPoly.shp # "STATEFP "STATEFP" true true false 2 Text 0 0,First,#,Counties - All Data,STATEFP,0,2;COUNTYFP "COUNTYFP" true true false 3 Text 0 0,First,#,Counties - All Data,COUNTYFP,0,3;COUNTYNS "COUNTYNS" true true false 8 Text 0 0,First,#,Counties - All Data,COUNTYNS,0,8;AFFGEOID "AFFGEOID" true true false 14 Text 0 0,First,#,Counties - All Data,AFFGEOID,0,14;GEOID "GEOID" true true false 5 Text 0 0,First,#,Counties - All Data,GEOID,0,5;NAME "NAME" true true false 100 Text 0 0,First,#,Counties - All Data,NAME,0,100;Age "Age: Population Age 65 and Older" true true false 8 Double 0 0,First,#,Counties - All Data,Age,-1,-1;Age_Bins "Age: Population Age 65 and Older - Bins" true true false 4 Long 0 0,First,#,Counties - All Data,Age_Bins,-1,-1;Disability "Disability: Percent of the Population with a Disability" true true false 8 Double 0 0,First,#,Counties - All Data,Disability,-1,-1;Disability_Bins "Disability: Percent of the Population with a Disability - Bins" true true false 4 Long 0 0,First,#,Counties - All Data,Disability_Bins,-1,-1;Education "Educational Attainment: Lack of High School Diploma in Adults over Age 25" true true false 8 Double 0 0,First,#,Counties - All Data,Education,-1,-1;Education_Bins "Educational Attainment: Lack of High School Diploma in Adults over Age 25 - Bins" true true false 4 Long 0 0,First,#,Counties - All Data,Education_Bins,-1,-1;Unemployment "Unemployment Rate: Percent of the Labor Force That Is Unemployed" true true false 8 Double 0 0,First,#,Counties - All Data,Unemployment,-1,-1;Unemployment_Bins "Unemployment Rate: Percent of the Labor Force That Is Unemployed - Bins" true true false 4 Long 0 0,First,#,Counties - All Data,Unemployment_Bins,-1,-1;GINI "Income Inequality: Gini Index" true true false 8 Double 0 0,First,#,Counties - All Data,GINI,-1,-1;GINI_Bins "Income Inequality: Gini Index - Bins" true true false 4 Long 0 0,First,#,Counties - All Data,GINI_Bins,-1,-1;Uninsured_Population "Health Insurance: Percent without Health Insurance (Public or Private)" true true false 8 Double 0 0,First,#,Counties - All Data,Uninsured_Population,-1,-1;Uninsured_Population_Bins "Health Insurance: Percent without Health Insurance (Public or Private) - Bins" true true false 4 Long 0 0,First,#,Counties - All Data,Uninsured_Population_Bins,-1,-1;Limited_English "English Language Proficiency: Percent of Households with Limited English Proficiency" true true false 8 Double 0 0,First,#,Counties - All Data,Limited_English,-1,-1;Limited_English_Bins "English Language Proficiency: Percent of Households with Limited English Proficiency - Bins" true true false 4 Long 0 0,First,#,Counties - All Data,Limited_English_Bins,-1,-1;Median_Income "Household Income: Median Household Income" true true false 4 Long 0 0,First,#,Counties - All Data,Median_Income,-1,-1;Median_Income_Bins "Household Income: Median Household Income -  Bins" true true false 4 Long 0 0,First,#,Counties - All Data,Median_Income_Bins,-1,-1;Mobile_Homes "Presence of Mobile Homes: Percentage of Mobile Homes" true true false 8 Double 0 0,First,#,Counties - All Data,Mobile_Homes,-1,-1;Mobile_Homes_Bins "Presence of Mobile Homes: Percentage of Mobile Homes - Bins" true true false 4 Long 0 0,First,#,Counties - All Data,Mobile_Homes_Bins,-1,-1;Owner_Occupied "Home Ownership: Percent of Owner-Occupied Housing Units" true true false 8 Double 0 0,First,#,Counties - All Data,Owner_Occupied,-1,-1;Owner_Occupied_Bins "Home Ownership: Percent of Owner-Occupied Housing Units - Bins" true true false 4 Long 0 0,First,#,Counties - All Data,Owner_Occupied_Bins,-1,-1;Single_Parent "Single-Parent Households: Percent of Single-Parent Households" true true false 8 Double 0 0,First,#,Counties - All Data,Single_Parent,-1,-1;Single_Parent_Bins "Single-Parent Households: Percent of Single-Parent Households -  Bins" true true false 4 Long 0 0,First,#,Counties - All Data,Single_Parent_Bins,-1,-1;Vacant_Rentals "Rental Property Capacity: Percent Vacant Rentals" true true false 8 Double 0 0,First,#,Counties - All Data,Vacant_Rentals,-1,-1;Vacant_Rentals_Bins "Rental Property Capacity: Percent Vacant Rentals - Bins" true true false 4 Long 0 0,First,#,Counties - All Data,Vacant_Rentals_Bins,-1,-1;No_Vehicle "Mobility: Percent of Households without a Vehicle" true true false 8 Double 0 0,First,#,Counties - All Data,No_Vehicle,-1,-1;No_Vehicle_Bins "Mobility: Percent of Households without a Vehicle - Bins" true true false 4 Long 0 0,First,#,Counties - All Data,No_Vehicle_Bins,-1,-1;Civil_Org "Connection to Civic and Social Organizations" true true false 8 Double 0 0,First,#,Counties - All Data,Civil_Org,-1,-1;Civil_Org_Bins "Connection to Civic and Social Organizations - Bins" true true false 4 Long 0 0,First,#,Counties - All Data,Civil_Org_Bins,-1,-1;Hospitals "Hospital Capacity: Hospitals per 10,000 Population" true true false 8 Double 0 0,First,#,Counties - All Data,Hospitals,-1,-1;Hospitals_Bins "Hospital Capacity: Hospitals per 10,000 Population - Bins" true true false 4 Long 0 0,First,#,Counties - All Data,Hospitals_Bins,-1,-1;Medical "Medical Professional Capacity: Health Diagnosing" true true false 8 Double 0 0,First,#,Counties - All Data,Medical,-1,-1;Medical_Bins "Medical Professional Capacity: Health Diagnosing - Bins" true true false 4 Long 0 0,First,#,Counties - All Data,Medical_Bins,-1,-1;Religion "Affiliation with a Religion: Percent of Religious Adherents" true true false 8 Double 0 0,First,#,Counties - All Data,Religion,-1,-1;Religion_Bins "Affiliation with a Religion: Percent of Religious Adherents - Bins" true true false 4 Long 0 0,First,#,Counties - All Data,Religion_Bins,-1,-1;Schools "Public School Capacity: Schools per 5,000 Population" true true false 8 Double 0 0,First,#,Counties - All Data,Schools,-1,-1;Schools_Bins "Public School Capacity: Schools per 5,000 Population - Bins" true true false 4 Long 0 0,First,#,Counties - All Data,Schools_Bins,-1,-1;Population_Change "Population Change: Percent Population Change" true true false 8 Double 0 0,First,#,Counties - All Data,Population_Change,-1,-1;Population_Change_Bins "Population Change: Percent Population Change - Bins" true true false 4 Long 0 0,First,#,Counties - All Data,Population_Change_Bins,-1,-1;Hotel "Hotel/Motel Capacity: Hotels and Motels per 5,000 Population" true true false 8 Double 0 0,First,#,Counties - All Data,Hotel,-1,-1;Hotel_Bins "Hotel/Motel Capacity: Hotels and Motels per 5,000 Population - Bins" true true false 4 Long 0 0,First,#,Counties - All Data,Hotel_Bins,-1,-1;Shape_Length "Shape_Length" false true true 8 Double 0 0,First,#,Counties - All Data,Shape_Length,-1,-1;Shape_Area "Shape_Area" false true true 8 Double 0 0,First,#,Counties - All Data,Shape_Area,-1,-1;Aggregate "Aggregate Resilience Indicator 2021" true true false 8 Double 0 0,First,#,Counties - All Data,Aggregate,-1,-1;Aggregate_Bins "Aggregate Resilience Indicator 2021 -Bins" true true false 4 Long 0 0,First,#,Counties - All Data,Aggregate_Bins,-1,-1;Total_Population "Total Population" true true false 4 Long 0 0,First,#,Counties - All Data,Total_Population,-1,-1;FEMA_Region "FEMA Region" true true false 15 Text 0 0,First,#,Counties - All Data,FEMA_Region,0,15;StateName "State Name" true true false 50 Text 0 0,First,#,Counties - All Data,StateName,0,50" #</Process></lineage><itemProps><itemName Sync="TRUE">CountyIndicatorsPoly</itemName><imsContentType Sync="TRUE">002</imsContentType><itemSize Sync="TRUE">0.000</itemSize><itemLocation><linkage Sync="TRUE">file://\\gisdata1.iacc.dis.anl.gov\GIS_Working\FEMA_TA\RAPT Census Tract Level 2021\Final Data for Packaging on Website\County Indicators\CountyIndicatorsPoly.shp</linkage><protocol Sync="TRUE">Local Area Network</protocol></itemLocation></itemProps><coordRef><type Sync="TRUE">Geographic</type><geogcsn Sync="TRUE">GCS_North_American_1983</geogcsn><csUnits Sync="TRUE">Angular Unit: Degree (0.017453)</csUnits><peXml Sync="TRUE">&lt;GeographicCoordinateSystem xsi:type='typens:GeographicCoordinateSystem' xmlns:xsi='http://www.w3.org/2001/XMLSchema-instance' xmlns:xs='http://www.w3.org/2001/XMLSchema' xmlns:typens='http://www.esri.com/schemas/ArcGIS/2.7.0'&gt;&lt;WKT&gt;GEOGCS[&amp;quot;GCS_North_American_1983&amp;quot;,DATUM[&amp;quot;D_North_American_1983&amp;quot;,SPHEROID[&amp;quot;GRS_1980&amp;quot;,6378137.0,298.257222101]],PRIMEM[&amp;quot;Greenwich&amp;quot;,0.0],UNIT[&amp;quot;Degree&amp;quot;,0.0174532925199433],AUTHORITY[&amp;quot;EPSG&amp;quot;,4269]]&lt;/WKT&gt;&lt;XOrigin&gt;-400&lt;/XOrigin&gt;&lt;YOrigin&gt;-400&lt;/YOrigin&gt;&lt;XYScale&gt;11258999068426.238&lt;/XYScale&gt;&lt;ZOrigin&gt;-100000&lt;/ZOrigin&gt;&lt;ZScale&gt;10000&lt;/ZScale&gt;&lt;MOrigin&gt;-100000&lt;/MOrigin&gt;&lt;MScale&gt;10000&lt;/MScale&gt;&lt;XYTolerance&gt;8.9831528411952133e-09&lt;/XYTolerance&gt;&lt;ZTolerance&gt;0.001&lt;/ZTolerance&gt;&lt;MTolerance&gt;0.001&lt;/MTolerance&gt;&lt;HighPrecision&gt;true&lt;/HighPrecision&gt;&lt;LeftLongitude&gt;-180&lt;/LeftLongitude&gt;&lt;WKID&gt;4269&lt;/WKID&gt;&lt;LatestWKID&gt;4269&lt;/LatestWKID&gt;&lt;/GeographicCoordinateSystem&gt;</peXml></coordRef><LayerFile>{"type":"CIMLayerDocument","version":"2.7.0","build":26828,"layers":["CIMPATH=County_Map/edeb0301b5da4f4f8a4eac299d6a8a77.xml"],"layerDefinitions":[{"type":"CIMFeatureLayer","name":"CountyIndicatorsPoly","uRI":"CIMPATH=County_Map/edeb0301b5da4f4f8a4eac299d6a8a77.xml","sourceModifiedTime":{"type":"TimeInstant"},"useSourceMetadata":true,"description":"CountyData_20210224","layerElevation":{"type":"CIMLayerElevationSurface","mapElevationID":"{465597FA-C52D-4880-AD2C-D9A760EF42A9}"},"expanded":true,"layerType":"Operational","showLegends":true,"visibility":true,"displayCacheType":"Permanent","maxDisplayCacheAge":5,"showPopups":true,"serviceLayerID":-1,"refreshRate":-1,"refreshRateUnit":"esriTimeUnitsSeconds","blendingMode":"Alpha","autoGenerateFeatureTemplates":true,"featureElevationExpression":"0","featureTable":{"type":"CIMFeatureTable","displayField":"NAME","editable":true,"dataConnection":{"type":"CIMStandardDataConnection","workspaceConnectionString":"DATABASE=W:\\FEMA_TA\\RAPT Census Tract Level 2021\\Final Data for Packaging on Website\\County Indicators","workspaceFactory":"Shapefile","dataset":"CountyIndicatorsPoly","datasetType":"esriDTFeatureClass"},"studyAreaSpatialRel":"esriSpatialRelUndefined","searchOrder":"esriSearchOrderSpatial"},"htmlPopupEnabled":true,"selectable":true,"featureCacheType":"Session","displayFiltersType":"ByScale","featureBlendingMode":"Alpha","labelClasses":[{"type":"CIMLabelClass","expressionTitle":"Custom","expression":"$feature.NAME","expressionEngine":"Arcade","featuresToLabel":"AllVisibleFeatures","maplexLabelPlacementProperties":{"type":"CIMMaplexLabelPlacementProperties","featureType":"Polygon","avoidPolygonHoles":true,"canOverrunFeature":true,"canPlaceLabelOutsidePolygon":true,"canRemoveOverlappingLabel":true,"canStackLabel":true,"connectionType":"Unambiguous","constrainOffset":"NoConstraint","contourAlignmentType":"Page","contourLadderType":"Straight","contourMaximumAngle":90,"enableConnection":true,"featureWeight":0,"fontHeightReductionLimit":4,"fontHeightReductionStep":0.5,"fontWidthReductionLimit":90,"fontWidthReductionStep":5,"graticuleAlignmentType":"Straight","keyNumberGroupName":"Default","labelBuffer":15,"labelLargestPolygon":true,"labelPriority":-1,"labelStackingProperties":{"type":"CIMMaplexLabelStackingProperties","stackAlignment":"ChooseBest","maximumNumberOfLines":3,"minimumNumberOfCharsPerLine":3,"maximumNumberOfCharsPerLine":24,"separators":[{"type":"CIMMaplexStackingSeparator","separator":" ","splitAfter":true},{"type":"CIMMaplexStackingSeparator","separator":",","visible":true,"splitAfter":true}]},"lineFeatureType":"General","linePlacementMethod":"OffsetCurvedFromLine","maximumLabelOverrun":80,"maximumLabelOverrunUnit":"Point","minimumFeatureSizeUnit":"Map","multiPartOption":"OneLabelPerPart","offsetAlongLineProperties":{"type":"CIMMaplexOffsetAlongLineProperties","placementMethod":"BestPositionAlongLine","labelAnchorPoint":"CenterOfLabel","distanceUnit":"Percentage","useLineDirection":true},"pointExternalZonePriorities":{"type":"CIMMaplexExternalZonePriorities","aboveLeft":4,"aboveCenter":2,"aboveRight":1,"centerRight":3,"belowRight":5,"belowCenter":7,"belowLeft":8,"centerLeft":6},"pointPlacementMethod":"AroundPoint","polygonAnchorPointType":"GeometricCenter","polygonBoundaryWeight":0,"polygonExternalZones":{"type":"CIMMaplexExternalZonePriorities","aboveLeft":4,"aboveCenter":2,"aboveRight":1,"centerRight":3,"belowRight":5,"belowCenter":7,"belowLeft":8,"centerLeft":6},"polygonFeatureType":"General","polygonInternalZones":{"type":"CIMMaplexInternalZonePriorities","center":1},"polygonPlacementMethod":"HorizontalInPolygon","primaryOffset":1,"primaryOffsetUnit":"Point","removeExtraWhiteSpace":true,"repetitionIntervalUnit":"Point","rotationProperties":{"type":"CIMMaplexRotationProperties","rotationType":"Arithmetic","alignmentType":"Straight"},"secondaryOffset":100,"strategyPriorities":{"type":"CIMMaplexStrategyPriorities","stacking":1,"overrun":2,"fontCompression":3,"fontReduction":4,"abbreviation":5},"thinningDistanceUnit":"Point","truncationMarkerCharacter":".","truncationMinimumLength":1,"truncationPreferredCharacters":"aeiou","truncationExcludedCharacters":"0123456789","polygonAnchorPointPerimeterInsetUnit":"Point"},"name":"Class 1","priority":-1,"standardLabelPlacementProperties":{"type":"CIMStandardLabelPlacementProperties","featureType":"Line","featureWeight":"None","labelWeight":"High","numLabelsOption":"OneLabelPerName","lineLabelPosition":{"type":"CIMStandardLineLabelPosition","above":true,"inLine":true,"parallel":true},"lineLabelPriorities":{"type":"CIMStandardLineLabelPriorities","aboveStart":3,"aboveAlong":3,"aboveEnd":3,"centerStart":3,"centerAlong":3,"centerEnd":3,"belowStart":3,"belowAlong":3,"belowEnd":3},"pointPlacementMethod":"AroundPoint","pointPlacementPriorities":{"type":"CIMStandardPointPlacementPriorities","aboveLeft":2,"aboveCenter":2,"aboveRight":1,"centerLeft":3,"centerRight":2,"belowLeft":3,"belowCenter":3,"belowRight":2},"rotationType":"Arithmetic","polygonPlacementMethod":"AlwaysHorizontal"},"textSymbol":{"type":"CIMSymbolReference","symbol":{"type":"CIMTextSymbol","blockProgression":"TTB","depth3D":1,"extrapolateBaselines":true,"fontEffects":"Normal","fontEncoding":"Unicode","fontFamilyName":"Tahoma","fontStyleName":"Regular","fontType":"Unspecified","haloSize":1,"height":10,"hinting":"Default","horizontalAlignment":"Left","kerning":true,"letterWidth":100,"ligatures":true,"lineGapType":"ExtraLeading","symbol":{"type":"CIMPolygonSymbol","symbolLayers":[{"type":"CIMSolidFill","enable":true,"color":{"type":"CIMRGBColor","values":[0,0,0,100]}}]},"textCase":"Normal","textDirection":"LTR","verticalAlignment":"Bottom","verticalGlyphOrientation":"Right","wordSpacing":100,"billboardMode3D":"FaceNearPlane"}},"useCodedValue":true,"visibility":true,"iD":-1}],"renderer":{"type":"CIMSimpleRenderer","patch":"Default","symbol":{"type":"CIMSymbolReference","symbol":{"type":"CIMPolygonSymbol","symbolLayers":[{"type":"CIMSolidStroke","enable":true,"capStyle":"Round","joinStyle":"Round","lineStyle3D":"Strip","miterLimit":10,"width":0,"color":{"type":"CIMRGBColor","values":[110,110,110,100]}},{"type":"CIMSolidFill","enable":true,"color":{"type":"CIMRGBColor","values":[228.889999999999986,252.449999999999989,212.06,0]}}]}}},"scaleSymbols":true,"snappable":true}]}</LayerFile></DataProperties><SyncDate>20210406</SyncDate><SyncTime>09512700</SyncTime><ModDate>20210406</ModDate><ModTime>09512700</ModTime></Esri><dataIdInfo><envirDesc Sync="TRUE">Microsoft Windows 10 Version 10.0 (Build 18363) ; Esri ArcGIS 12.7.0.26828</envirDesc><dataLang><languageCode value="eng" Sync="TRUE"></languageCode><countryCode value="USA" Sync="TRUE"></countryCode></dataLang><idCitation><resTitle Sync="TRUE">CountyIndicatorsPoly</resTitle><presForm><PresFormCd value="005" Sync="TRUE"></PresFormCd></presForm></idCitation><spatRpType><SpatRepTypCd value="001" Sync="TRUE"></SpatRepTypCd></spatRpType></dataIdInfo><mdLang><languageCode value="eng" Sync="TRUE"></languageCode><countryCode value="USA" Sync="TRUE"></countryCode></mdLang><distInfo><distFormat><formatName Sync="TRUE">Shapefile</formatName></distFormat><distTranOps><transSize Sync="TRUE">0.000</transSize></distTranOps></distInfo><mdHrLv><ScopeCd value="005" Sync="TRUE"></ScopeCd></mdHrLv><mdHrLvName Sync="TRUE">dataset</mdHrLvName><refSysInfo><RefSystem><refSysID><identCode code="4269" Sync="TRUE"></identCode><idCodeSpace Sync="TRUE">EPSG</idCodeSpace><idVersion Sync="TRUE">6.5(3.0.1)</idVersion></refSysID></RefSystem></refSysInfo><spatRepInfo><VectSpatRep><geometObjs Name="CountyIndicatorsPoly"><geoObjTyp><GeoObjTypCd value="002" Sync="TRUE"></GeoObjTypCd></geoObjTyp><geoObjCnt Sync="TRUE">0</geoObjCnt></geometObjs><topLvl><TopoLevCd value="001" Sync="TRUE"></TopoLevCd></topLvl></VectSpatRep></spatRepInfo><spdoinfo><ptvctinf><esriterm Name="CountyIndicatorsPoly"><efeatyp Sync="TRUE">Simple</efeatyp><efeageom code="4" Sync="TRUE"></efeageom><esritopo Sync="TRUE">FALSE</esritopo><efeacnt Sync="TRUE">0</efeacnt><spindex Sync="TRUE">FALSE</spindex><linrefer Sync="TRUE">FALSE</linrefer></esriterm></ptvctinf></spdoinfo><eainfo><detailed Name="CountyIndicatorsPoly"><enttyp><enttypl Sync="TRUE">CountyIndicatorsPoly</enttypl><enttypt Sync="TRUE">Feature Class</enttypt><enttypc Sync="TRUE">0</enttypc></enttyp><attr><attrlabl Sync="TRUE">FID</attrlabl><attalias Sync="TRUE">FID</attalias><attrtype Sync="TRUE">OID</attrtype><attwidth Sync="TRUE">4</attwidth><atprecis Sync="TRUE">0</atprecis><attscale Sync="TRUE">0</attscale><attrdef Sync="TRUE">Internal feature number.</attrdef><attrdefs Sync="TRUE">Esri</attrdefs><attrdomv><udom Sync="TRUE">Sequential unique whole numbers that are automatically generated.</udom></attrdomv></attr><attr><attrlabl Sync="TRUE">Shape</attrlabl><attalias Sync="TRUE">Shape</attalias><attrtype Sync="TRUE">Geometry</attrtype><attwidth Sync="TRUE">0</attwidth><atprecis Sync="TRUE">0</atprecis><attscale Sync="TRUE">0</attscale><attrdef Sync="TRUE">Feature geometry.</attrdef><attrdefs Sync="TRUE">Esri</attrdefs><attrdomv><udom Sync="TRUE">Coordinates defining the features.</udom></attrdomv></attr><attr><attrlabl Sync="TRUE">STATEFP</attrlabl><attalias Sync="TRUE">STATEFP</attalias><attrtype Sync="TRUE">String</attrtype><attwidth Sync="TRUE">2</attwidth><atprecis Sync="TRUE">0</atprecis><attscale Sync="TRUE">0</attscale></attr><attr><attrlabl Sync="TRUE">COUNTYFP</attrlabl><attalias Sync="TRUE">COUNTYFP</attalias><attrtype Sync="TRUE">String</attrtype><attwidth Sync="TRUE">3</attwidth><atprecis Sync="TRUE">0</atprecis><attscale Sync="TRUE">0</attscale></attr><attr><attrlabl Sync="TRUE">COUNTYNS</attrlabl><attalias Sync="TRUE">COUNTYNS</attalias><attrtype Sync="TRUE">String</attrtype><attwidth Sync="TRUE">8</attwidth><atprecis Sync="TRUE">0</atprecis><attscale Sync="TRUE">0</attscale></attr><attr><attrlabl Sync="TRUE">AFFGEOID</attrlabl><attalias Sync="TRUE">AFFGEOID</attalias><attrtype Sync="TRUE">String</attrtype><attwidth Sync="TRUE">14</attwidth><atprecis Sync="TRUE">0</atprecis><attscale Sync="TRUE">0</attscale></attr><attr><attrlabl Sync="TRUE">GEOID</attrlabl><attalias Sync="TRUE">GEOID</attalias><attrtype Sync="TRUE">String</attrtype><attwidth Sync="TRUE">5</attwidth><atprecis Sync="TRUE">0</atprecis><attscale Sync="TRUE">0</attscale></attr><attr><attrlabl Sync="TRUE">NAME</attrlabl><attalias Sync="TRUE">NAME</attalias><attrtype Sync="TRUE">String</attrtype><attwidth Sync="TRUE">100</attwidth><atprecis Sync="TRUE">0</atprecis><attscale Sync="TRUE">0</attscale></attr><attr><attrlabl Sync="TRUE">Age</attrlabl><attalias Sync="TRUE">Age</attalias><attrtype Sync="TRUE">Double</attrtype><attwidth Sync="TRUE">19</attwidth><atprecis Sync="TRUE">0</atprecis><attscale Sync="TRUE">0</attscale></attr><attr><attrlabl Sync="TRUE">Age_Bins</attrlabl><attalias Sync="TRUE">Age_Bins</attalias><attrtype Sync="TRUE">Integer</attrtype><attwidth Sync="TRUE">10</attwidth><atprecis Sync="TRUE">10</atprecis><attscale Sync="TRUE">0</attscale></attr><attr><attrlabl Sync="TRUE">Disability</attrlabl><attalias Sync="TRUE">Disability</attalias><attrtype Sync="TRUE">Double</attrtype><attwidth Sync="TRUE">19</attwidth><atprecis Sync="TRUE">0</atprecis><attscale Sync="TRUE">0</attscale></attr><attr><attrlabl Sync="TRUE">Disabili_1</attrlabl><attalias Sync="TRUE">Disabili_1</attalias><attrtype Sync="TRUE">Integer</attrtype><attwidth Sync="TRUE">10</attwidth><atprecis Sync="TRUE">10</atprecis><attscale Sync="TRUE">0</attscale></attr><attr><attrlabl Sync="TRUE">Education</attrlabl><attalias Sync="TRUE">Education</attalias><attrtype Sync="TRUE">Double</attrtype><attwidth Sync="TRUE">19</attwidth><atprecis Sync="TRUE">0</atprecis><attscale Sync="TRUE">0</attscale></attr><attr><attrlabl Sync="TRUE">Education_</attrlabl><attalias Sync="TRUE">Education_</attalias><attrtype Sync="TRUE">Integer</attrtype><attwidth Sync="TRUE">10</attwidth><atprecis Sync="TRUE">10</atprecis><attscale Sync="TRUE">0</attscale></attr><attr><attrlabl Sync="TRUE">Unemployme</attrlabl><attalias Sync="TRUE">Unemployme</attalias><attrtype Sync="TRUE">Double</attrtype><attwidth Sync="TRUE">19</attwidth><atprecis Sync="TRUE">0</atprecis><attscale Sync="TRUE">0</attscale></attr><attr><attrlabl Sync="TRUE">Unemploy_1</attrlabl><attalias Sync="TRUE">Unemploy_1</attalias><attrtype Sync="TRUE">Integer</attrtype><attwidth Sync="TRUE">10</attwidth><atprecis Sync="TRUE">10</atprecis><attscale Sync="TRUE">0</attscale></attr><attr><attrlabl Sync="TRUE">GINI</attrlabl><attalias Sync="TRUE">GINI</attalias><attrtype Sync="TRUE">Double</attrtype><attwidth Sync="TRUE">19</attwidth><atprecis Sync="TRUE">0</atprecis><attscale Sync="TRUE">0</attscale></attr><attr><attrlabl Sync="TRUE">GINI_Bins</attrlabl><attalias Sync="TRUE">GINI_Bins</attalias><attrtype Sync="TRUE">Integer</attrtype><attwidth Sync="TRUE">10</attwidth><atprecis Sync="TRUE">10</atprecis><attscale Sync="TRUE">0</attscale></attr><attr><attrlabl Sync="TRUE">Uninsured_</attrlabl><attalias Sync="TRUE">Uninsured_</attalias><attrtype Sync="TRUE">Double</attrtype><attwidth Sync="TRUE">19</attwidth><atprecis Sync="TRUE">0</atprecis><attscale Sync="TRUE">0</attscale></attr><attr><attrlabl Sync="TRUE">Uninsured1</attrlabl><attalias Sync="TRUE">Uninsured1</attalias><attrtype Sync="TRUE">Integer</attrtype><attwidth Sync="TRUE">10</attwidth><atprecis Sync="TRUE">10</atprecis><attscale Sync="TRUE">0</attscale></attr><attr><attrlabl Sync="TRUE">Limited_En</attrlabl><attalias Sync="TRUE">Limited_En</attalias><attrtype Sync="TRUE">Double</attrtype><attwidth Sync="TRUE">19</attwidth><atprecis Sync="TRUE">0</atprecis><attscale Sync="TRUE">0</attscale></attr><attr><attrlabl Sync="TRUE">Limited__1</attrlabl><attalias Sync="TRUE">Limited__1</attalias><attrtype Sync="TRUE">Integer</attrtype><attwidth Sync="TRUE">10</attwidth><atprecis Sync="TRUE">10</atprecis><attscale Sync="TRUE">0</attscale></attr><attr><attrlabl Sync="TRUE">Median_Inc</attrlabl><attalias Sync="TRUE">Median_Inc</attalias><attrtype Sync="TRUE">Integer</attrtype><attwidth Sync="TRUE">10</attwidth><atprecis Sync="TRUE">10</atprecis><attscale Sync="TRUE">0</attscale></attr><attr><attrlabl Sync="TRUE">Median_I_1</attrlabl><attalias Sync="TRUE">Median_I_1</attalias><attrtype Sync="TRUE">Integer</attrtype><attwidth Sync="TRUE">10</attwidth><atprecis Sync="TRUE">10</atprecis><attscale Sync="TRUE">0</attscale></attr><attr><attrlabl Sync="TRUE">Mobile_Hom</attrlabl><attalias Sync="TRUE">Mobile_Hom</attalias><attrtype Sync="TRUE">Double</attrtype><attwidth Sync="TRUE">19</attwidth><atprecis Sync="TRUE">0</atprecis><attscale Sync="TRUE">0</attscale></attr><attr><attrlabl Sync="TRUE">Mobile_H_1</attrlabl><attalias Sync="TRUE">Mobile_H_1</attalias><attrtype Sync="TRUE">Integer</attrtype><attwidth Sync="TRUE">10</attwidth><atprecis Sync="TRUE">10</atprecis><attscale Sync="TRUE">0</attscale></attr><attr><attrlabl Sync="TRUE">Owner_Occu</attrlabl><attalias Sync="TRUE">Owner_Occu</attalias><attrtype Sync="TRUE">Double</attrtype><attwidth Sync="TRUE">19</attwidth><atprecis Sync="TRUE">0</atprecis><attscale Sync="TRUE">0</attscale></attr><attr><attrlabl Sync="TRUE">Owner_Oc_1</attrlabl><attalias Sync="TRUE">Owner_Oc_1</attalias><attrtype Sync="TRUE">Integer</attrtype><attwidth Sync="TRUE">10</attwidth><atprecis Sync="TRUE">10</atprecis><attscale Sync="TRUE">0</attscale></attr><attr><attrlabl Sync="TRUE">Single_Par</attrlabl><attalias Sync="TRUE">Single_Par</attalias><attrtype Sync="TRUE">Double</attrtype><attwidth Sync="TRUE">19</attwidth><atprecis Sync="TRUE">0</atprecis><attscale Sync="TRUE">0</attscale></attr><attr><attrlabl Sync="TRUE">Single_P_1</attrlabl><attalias Sync="TRUE">Single_P_1</attalias><attrtype Sync="TRUE">Integer</attrtype><attwidth Sync="TRUE">10</attwidth><atprecis Sync="TRUE">10</atprecis><attscale Sync="TRUE">0</attscale></attr><attr><attrlabl Sync="TRUE">Vacant_Ren</attrlabl><attalias Sync="TRUE">Vacant_Ren</attalias><attrtype Sync="TRUE">Double</attrtype><attwidth Sync="TRUE">19</attwidth><atprecis Sync="TRUE">0</atprecis><attscale Sync="TRUE">0</attscale></attr><attr><attrlabl Sync="TRUE">Vacant_R_1</attrlabl><attalias Sync="TRUE">Vacant_R_1</attalias><attrtype Sync="TRUE">Integer</attrtype><attwidth Sync="TRUE">10</attwidth><atprecis Sync="TRUE">10</atprecis><attscale Sync="TRUE">0</attscale></attr><attr><attrlabl Sync="TRUE">No_Vehicle</attrlabl><attalias Sync="TRUE">No_Vehicle</attalias><attrtype Sync="TRUE">Double</attrtype><attwidth Sync="TRUE">19</attwidth><atprecis Sync="TRUE">0</atprecis><attscale Sync="TRUE">0</attscale></attr><attr><attrlabl Sync="TRUE">No_Vehic_1</attrlabl><attalias Sync="TRUE">No_Vehic_1</attalias><attrtype Sync="TRUE">Integer</attrtype><attwidth Sync="TRUE">10</attwidth><atprecis Sync="TRUE">10</atprecis><attscale Sync="TRUE">0</attscale></attr><attr><attrlabl Sync="TRUE">Civil_Org</attrlabl><attalias Sync="TRUE">Civil_Org</attalias><attrtype Sync="TRUE">Double</attrtype><attwidth Sync="TRUE">19</attwidth><atprecis Sync="TRUE">0</atprecis><attscale Sync="TRUE">0</attscale></attr><attr><attrlabl Sync="TRUE">Civil_Org_</attrlabl><attalias Sync="TRUE">Civil_Org_</attalias><attrtype Sync="TRUE">Integer</attrtype><attwidth Sync="TRUE">10</attwidth><atprecis Sync="TRUE">10</atprecis><attscale Sync="TRUE">0</attscale></attr><attr><attrlabl Sync="TRUE">Hospitals</attrlabl><attalias Sync="TRUE">Hospitals</attalias><attrtype Sync="TRUE">Double</attrtype><attwidth Sync="TRUE">19</attwidth><atprecis Sync="TRUE">0</atprecis><attscale Sync="TRUE">0</attscale></attr><attr><attrlabl Sync="TRUE">Hospitals_</attrlabl><attalias Sync="TRUE">Hospitals_</attalias><attrtype Sync="TRUE">Integer</attrtype><attwidth Sync="TRUE">10</attwidth><atprecis Sync="TRUE">10</atprecis><attscale Sync="TRUE">0</attscale></attr><attr><attrlabl Sync="TRUE">Medical</attrlabl><attalias Sync="TRUE">Medical</attalias><attrtype Sync="TRUE">Double</attrtype><attwidth Sync="TRUE">19</attwidth><atprecis Sync="TRUE">0</atprecis><attscale Sync="TRUE">0</attscale></attr><attr><attrlabl Sync="TRUE">Medical_Bi</attrlabl><attalias Sync="TRUE">Medical_Bi</attalias><attrtype Sync="TRUE">Integer</attrtype><attwidth Sync="TRUE">10</attwidth><atprecis Sync="TRUE">10</atprecis><attscale Sync="TRUE">0</attscale></attr><attr><attrlabl Sync="TRUE">Religion</attrlabl><attalias Sync="TRUE">Religion</attalias><attrtype Sync="TRUE">Double</attrtype><attwidth Sync="TRUE">19</attwidth><atprecis Sync="TRUE">0</atprecis><attscale Sync="TRUE">0</attscale></attr><attr><attrlabl Sync="TRUE">Religion_B</attrlabl><attalias Sync="TRUE">Religion_B</attalias><attrtype Sync="TRUE">Integer</attrtype><attwidth Sync="TRUE">10</attwidth><atprecis Sync="TRUE">10</atprecis><attscale Sync="TRUE">0</attscale></attr><attr><attrlabl Sync="TRUE">Schools</attrlabl><attalias Sync="TRUE">Schools</attalias><attrtype Sync="TRUE">Double</attrtype><attwidth Sync="TRUE">19</attwidth><atprecis Sync="TRUE">0</atprecis><attscale Sync="TRUE">0</attscale></attr><attr><attrlabl Sync="TRUE">Schools_Bi</attrlabl><attalias Sync="TRUE">Schools_Bi</attalias><attrtype Sync="TRUE">Integer</attrtype><attwidth Sync="TRUE">10</attwidth><atprecis Sync="TRUE">10</atprecis><attscale Sync="TRUE">0</attscale></attr><attr><attrlabl Sync="TRUE">Population</attrlabl><attalias Sync="TRUE">Population</attalias><attrtype Sync="TRUE">Double</attrtype><attwidth Sync="TRUE">19</attwidth><atprecis Sync="TRUE">0</atprecis><attscale Sync="TRUE">0</attscale></attr><attr><attrlabl Sync="TRUE">Populati_1</attrlabl><attalias Sync="TRUE">Populati_1</attalias><attrtype Sync="TRUE">Integer</attrtype><attwidth Sync="TRUE">10</attwidth><atprecis Sync="TRUE">10</atprecis><attscale Sync="TRUE">0</attscale></attr><attr><attrlabl Sync="TRUE">Hotel</attrlabl><attalias Sync="TRUE">Hotel</attalias><attrtype Sync="TRUE">Double</attrtype><attwidth Sync="TRUE">19</attwidth><atprecis Sync="TRUE">0</atprecis><attscale Sync="TRUE">0</attscale></attr><attr><attrlabl Sync="TRUE">Hotel_Bins</attrlabl><attalias Sync="TRUE">Hotel_Bins</attalias><attrtype Sync="TRUE">Integer</attrtype><attwidth Sync="TRUE">10</attwidth><atprecis Sync="TRUE">10</atprecis><attscale Sync="TRUE">0</attscale></attr><attr><attrlabl Sync="TRUE">Shape_Leng</attrlabl><attalias Sync="TRUE">Shape_Leng</attalias><attrtype Sync="TRUE">Double</attrtype><attwidth Sync="TRUE">19</attwidth><atprecis Sync="TRUE">0</atprecis><attscale Sync="TRUE">0</attscale></attr><attr><attrlabl Sync="TRUE">Shape_Area</attrlabl><attalias Sync="TRUE">Shape_Area</attalias><attrtype Sync="TRUE">Double</attrtype><attwidth Sync="TRUE">19</attwidth><atprecis Sync="TRUE">0</atprecis><attscale Sync="TRUE">0</attscale><attrdef Sync="TRUE">Area of feature in internal units squared.</attrdef><attrdefs Sync="TRUE">Esri</attrdefs><attrdomv><udom Sync="TRUE">Positive real numbers that are automatically generated.</udom></attrdomv></attr><attr><attrlabl Sync="TRUE">Aggregate</attrlabl><attalias Sync="TRUE">Aggregate</attalias><attrtype Sync="TRUE">Double</attrtype><attwidth Sync="TRUE">19</attwidth><atprecis Sync="TRUE">0</atprecis><attscale Sync="TRUE">0</attscale></attr><attr><attrlabl Sync="TRUE">Aggregate_</attrlabl><attalias Sync="TRUE">Aggregate_</attalias><attrtype Sync="TRUE">Integer</attrtype><attwidth Sync="TRUE">10</attwidth><atprecis Sync="TRUE">10</atprecis><attscale Sync="TRUE">0</attscale></attr><attr><attrlabl Sync="TRUE">Total_Popu</attrlabl><attalias Sync="TRUE">Total_Popu</attalias><attrtype Sync="TRUE">Integer</attrtype><attwidth Sync="TRUE">10</attwidth><atprecis Sync="TRUE">10</atprecis><attscale Sync="TRUE">0</attscale></attr><attr><attrlabl Sync="TRUE">FEMA_Regio</attrlabl><attalias Sync="TRUE">FEMA_Regio</attalias><attrtype Sync="TRUE">String</attrtype><attwidth Sync="TRUE">15</attwidth><atprecis Sync="TRUE">0</atprecis><attscale Sync="TRUE">0</attscale></attr><attr><attrlabl Sync="TRUE">StateName</attrlabl><attalias Sync="TRUE">StateName</attalias><attrtype Sync="TRUE">String</attrtype><attwidth Sync="TRUE">50</attwidth><atprecis Sync="TRUE">0</atprecis><attscale Sync="TRUE">0</attscale></attr></detailed></eainfo><mdDateSt Sync="TRUE">20210406</mdDateSt></metadata>
